202204listing,,,202205listing,,202206listing,
Field,Value,,Field,Value,Field,Value
Product Title,"Montessori Dinosaur and Letter Holder for Wall - Entryway Rustic Key Rack and Mail Organizer Wall Mount, Minimalistic Style Wooden Wall D¨¦cor, Cloud Shelves with 3 Key Hooks, 8""W*5.3""H*2.64""D (White)",,Product Title,"Entryway Cloud Wooden Floating Shelf - Modern Style Mail and Key Holder for Wall Decorative, Minimalistic Style Home Office Decor Wall Organization, with 3 Key Hooks, 8""W*5.3""H*2.64""D",,
Bullet Point 0,"Organization Best - No more losing key or mail! The cloud key holder mail sorter is the perfect place to keep all essentials neat and tidy in one spot. 3 key hooks hanging keys, glasses and leashes.",,Bullet Point 0,Organization Best - No more losing key or mail! The rustic farmhouse decor key wall holder organizer mail organizer is the perfect place to keep all essentials neat and tidy in one spot.,,
Bullet Point 1,"Unique Apartment Decor Key Hanger - The decorative wall hook cloud shelf is made made with high quality nature white oak, sturdy, durable and stylish, environment friendly and eco-safty.",,Bullet Point 1,"Unique Wooden Wall D¨¦cor - The rustic home decor entryway wall shelf with hooks is made with high-quality natural white oak, sturdy, durable and stylish, environment friendly, and eco-safty.",,
Bullet Point 2,"A Minimalistic Life Style - This well-designed entryway organizer key and mail holder for wall adds simplify beauty in your home, office or apartment and it can suit air bnb needs.",,Bullet Point 2,"Minimalistic Life Style - This well-designed vintage rustic white wood farmhouse wall decor adds simplify beauty to your home, office, or apartment and it can even suit air bnb needs.",,
Bullet Point 3,"Easy Installation - All necessary mounting hardware included for this shelf organizer, using screws or foam tape for a quick installation in your entryway, hallway, kitchen or office.",,Bullet Point 3,"Arrives Ready to Use - No assembly is required, and all necessary mounting hardware is included, using screws or foam tape for a quick installation in your entryway, hallway, kitchen, or office.",,
Bullet Point 4,"Size Matters - This cute small floating shelf is 8""W*5.3""H*2.64""D with 3 key hooks for wall, the perfect fit to your farmhouse decor and is one of the real eye-catcher apartment necessities.",,Bullet Point 4,"Size Matters - This cute cloud mail organizer wall mount shelf is 8""W*5.3""H*2.64""D with 3 key hooks, the perfect fit for your house decor, and is one of the real eye-catcher key rack for wall.",,
Description,"Do you want that vintage farmhouse feel for your entry?  Crystal is too breakable. Stoneware too heavy. Metal isn't appropriate. Plastic is too cheap. The logical choice is our high quality Cloud Mail and Key Hanger for Wall .  A Few Reasons You Will Love our well-designed decorative wall hooks:    Stay on TOP of Bills and Letters   Keep track of incoming and outgoing mail while corralling often-used keys, glasses and leashes with our well-designed Cloud mail and key holder for wall decorative. This stylish farmhouse hanging rack is made of high quality white oak for greater strength, natural wood grains beauty. This hanging mail organizer entryway storage helps instill daily habits for correspondence and deters frantic last-minute searches for house keys or car fobs.  Strong and Versatile  This cute wall hanger is 8?inches wide x 5.3 inches high x 2.64 inches deep with 3 key hooks, and the mail holder wall mount is accommodated to regular as well as oversized envelopes. The cloud floating wall shelf is sturdy and stable, mounting flush to drywall, concrete or brick for a neat appearance.   Amazing Gift Idea for Home Organization  our minimalistic style key mail rack eliminates nuisance clutter on table and countertop. Natural wood grain ensures that the hanging organizer is one of a kind addition to any farmhouse wall decor. This makes it an attractive, thoughtful and handy wedding, housewarming or office opening gift. It comes with 2 sets of high quality concrete anchors and 304 stainless steel screws and a foam tape for easy installation.",,Description,"< b>Do you want that vintage farmhouse feel for your entry?< /b> <br>
 <br>
Crystal is too breakable. Stoneware is too heavy. Metal isn't appropriate. Plastic is too cheap. The logical choice is our high-quality < b>Entryway Cute Small White Mail and Cloud Key Holder for Wall Decorative.< /b> <br>
 <br>
< b>A Few Reasons You Will Love our well-designed key rack for wall:< /b> <br>  
 <br>
< b>Stay on TOP of Bills and Letters< /b> <br>     
Keep track of incoming and outgoing mail while corralling often-used keys, purse,  glasses, and dog leashes with our well-designed mail holder with key hooks for wall decorative. This stylish floating rustic wood wall shelf with hooks is made of high-quality white oak for greater strength, and natural wood grains beauty. This small white rustic wooden floating shelf helps instill daily habits for correspondence and deters frantic last-minute searches for house keys or car fobs. <br>       
 <br>
< b>Strong and Versatile< /b> <br>       
This wall key holders decorative is 8?inches wide x 5.3 inches high x 2.64 inches deep with 3 key hooks, and the mail organizer wall mount key holder is accommodated for regular as well as oversized envelopes. The key and mail holder for wall mount is sturdy and stable, mounting flush to drywall, concrete, or brick for a neat appearance <br>     .   
 <br>
< b>Amazing Gift Ideae< /b> <br>        
For apartment decor aesthetic or rustic farmhouse wall decor, our minimalistic style key and mail holder for wall eliminates nuisance clutter on tables and countertops. Natural wood grain ensures that the key organizer wall mount is one of a kind addition to any home office wall decor. This makes it an attractive, thoughtful, and handy wedding, housewarming, or office opening gift. This decorative wall hook rack comes with 2 sets of high-quality concrete anchors and 304 stainless steel screws and foam tape for easy installation. <br>     
 <br>
< b>Hope you enjoy our heartily designed entryway small cute white key holder for wall with mail holder. < /b> <br>       ",,
Search Terms,,,Search Terms,antique decor cloud shelves decorative wall hooks dog leash holder for wall estantes flotantes de pared door hook entryway decor farm house home life home necessities house stuff industrial decor industrial shelf key card holder keychain holder,Search Terms,key hooks wall key holder wall decorative wall file organizer mail organizer wall mount file holder office organization cloud shelf wall hanging file folder organizer key rack key hanger wall key holder keychain office wall organizer cloud decor
,,,,,Subject Matter 1,key hooks wall key holder wall decorative
,,,,,Subject Matter 2,wall file organizer mail organizer wall mount
,,,,,Subject Matter 3,office organization cloud shelf file holder
,,,,,Subject Matter 4,wall hanging file folder organizer key rack
,,,,,Subject Matter 5,key holder keychain office wall organizer
